str,vi,
ok,OK,
cancel,Huỷ,
confirm,Xác nhận,
error,Lỗi,
error_not_implemented,Không được thực hiện,Not implemented,
error_request_canceled,Yêu cầu đã bị hủy,Request cancelled,
error_internet_server_error,Lỗi máy chủ nội bộ,Internal server error
error_service_unavailable,Dịch vụ không sẵn có,Service unavailable
error_method_not_allowed,Phương thức không được phép,Method not allowed
error_bad_request,Yêu cầu không hợp lệ,Bad request
error_unauthorized_request,Yêu cầu chưa được xác thực,Unauthorized request
error_unexpected_error,Đã xảy ra lỗi không mong muốn,Unexpected error occurred
error_request_timeout,Hết thời gian chờ yêu cầu kết nối,Connection request timeout
error_no_network_connection,Không có kết nối Internet,No internet connection
error_send_timeout,Hết thời gian chờ yêu cầu gửi đến máy chủ,Connection send timeout
error_conflict,Lỗi do xung đột,Error due to a conflict
error_connect_to_server,Không thể kết nối tới server,
error_unable_process_data,Không thể xử lý dữ liệu,Unable to process the data
error_not_acceptable,Không được chấp nhận,Not acceptable
error_invalid_status_code,Đã nhận mã trạng thái không hợp lệ: {},Received invalid status code: {},
error_not_found_api,Không tìm thấy API,Not found API
error_can_not_connect_to_server,"DiaB không kết nối được với máy chủ, vui lòng kiểm tra lại kết nối Internet hoặc liên lạc với Hotline của chúng tôi"
error_can_not_access_camera,Không có quyền truy cập camera,
current_language,Tiếng Việt,
please_enter_email,Vui lòng nhập Email,
please_enter_user_name,Vui lòng nhập Tên đăng nhập,
please_enter_full_name,Vui lòng nhập Họ tên,
please_enter_phone_number,Vui lòng nhập Số điện thoại,
please_enter_password,Vui lòng nhập Mật khẩu,
please_enter_code,Vui lòng nhập Mã kích hoạt,
please_enter_phone_number_or_email,Please enter phone number or email,
please_enter_new_password,Vui lòng nhập Mật khẩu mới,
please_enter_confirm_password,Vui lòng nhập Mật khẩu mới,
please_enter_curr_password,Vui lòng nhập Mật khẩu cũ,
cannot_same_current_password,Mật khẩu không trùng khớp,
email_not_valid,Email không hợp lệ,
phone_not_valid,Số điện thoại không đúng định dạng,
phone_email_not_valid,The phone number/email is not valid,
user_name_at_least_character,Tên đăng nhập phải có ít nhất 4 kí tự,
user_name_max_character,Tên đăng nhập không nhiều hơn 32 kí tự,
full_name_at_least_character,Họ tên phải có ít nhất 4 kí tự,
full_name_max_character,Họ tên không nhiều hơn 32 kí tự,
password_not_match,Mật khẩu không khớp,
password_at_least_character,Mật khẩu phải có ít nhất 4 kí tự,
password_max_character,Mật khẩu không nhiều hơn 32 kí tự,
confirm_password_at_least_character,Xác nhận mật khẩu phải có ít nhất 4 kí tự,
confirm_password_max_character,Xác nhận mật khẩu không nhiều hơn 32 kí tự,
login_google,Đăng nhập với Google,
login_facebook,Đăng nhập với Facebook,
login_email,Đăng nhập với Email,
login_welcome,Xin chào,
login_new_here,Chưa có tài khoản? ,
login_create_account,Tạo mới,
login_get_start,Bắt đầu khám phá ứng dụng,
profile_title,Cá Nhân,
profile_information,Thông tin cá nhân,
profile_edit,Sửa,
profile_user_name,Tài Khoản,
profile_date_of_birth,Ngày sinh,
profile_bio,Mô tả,
profile_change_avatar,Đổi,
profile_gallery,Thư viện,
profile_camera,Máy ảnh,
tab_home,Trang chủ,
tab_search,Tìm kiếm,
tab_notification,Thông báo,
tab_profile,Cá nhân,
login_success,Đăng nhập thành công,
sign_up_success,Đăng ký thành công,
login,Đăng nhập,
sign_in,Đăng nhập,
sign_up,Đăng ký,
username,Tên đăng nhập,
email,Email,
full_name, Họ tên,
phone_number,Số điện thoại,
password,Mật khẩu,
forgot_password,Quên mật khẩu?,
home,Trang chủ,
search,Tìm kiếm,
back,Quay lại,
logout,Đăng xuất,
logout_success,Đăng xuất thành công,
delete,Xoá,
mute,Mute,
last_seen,last seen {},
pinned_message,Tin nhắn ghim,
app_name,We One,
category,Danh mục,
more,Xem thêm,
notification,Thông báo,
account,Tài khoản,
search_product,Tìm kiếm dịch vụ,
input_name,Nhập hộ và tên,
references_code,Mã giới thiệu,
input_references_code,Nhập mã giới thiệu,
scan_references_code,Quét mã giới thiệu,
update_profile_failure,Cập nhật thông tin chưa thành công,
detail_address,Địa chỉ cụ thể,
input_phone,Nhập số điện thoại,
input_email,Nhập email,
input_re_pass,Nhập lại mật khẩu,
remember_password,Nhớ tài khoản,
back_page,Quay lại trang trước,
please_input_email,Vui lòng nhập email,
email_or_phone_number,Email/ Số điện thoại,
input_pass,Nhập mật khẩu,
input_email_or_phone_number,Nhập Email/ Số điện thoại,
please_input_phone_number,Vui lòng nhập số điện thoại,
password_least_character,Mật khẩu ít nhất 06 ký tự,
email_phone_not_valid,Email hoặc số điện thoại không đúng,
setting,Thiết lập tài khoản,
help_center,Trung tâm trợ giúp,
blogs,Blogs,
app_reviews,Đánh giá ứng dụng,
profile,Thông tin tài khoản,
save,Lưu,
name,Họ và tên,
date_of_birth,Ngày sinh,
change_password,Đổi mật khẩu,
curr_password,Nhập mật khẩu cũ,
sign_out,Đăng xuất,
register_account,Đăng ký tài khoản,
please_input_username,Vui lòng nhập Họ tên,
please_input_re_password,Vui lòng nhập xác thực mật khẩu,
confirm_password,Xác thực mật khẩu,
no_notification,Không có thông báo nào
notice,Thông báo,
confirm_logout,Bạn muốn đăng xuất?
confirm_logout_description,Bạn sẽ không thể theo dõi sức khoẻ của mình sau khi thoát. Bạn vẫn muốn đăng xuất khỏi DiaB?,
close,Đóng
yes,Đồng ý,
show,Hiện,
hide,Ẩn,
camera_permission_required,Bạn cần cấp quyền truy cập camera để sử dụng tính năng này,
shared_profile_list,Danh sách chia sẻ hồ sơ,
has_share_doctor_profile,"Bạn đã chia sẻ hồ sơ cho bác sĩ {} rồi.",
unable_share_doctor_profile,Không thể chia sẻ hồ sơ cho bác sĩ {} do vị trí không hợp lệ,
doctor_request_share_profile,Bác sĩ {} muốn xem hồ sơ của bạn. Bạn có đồng ý chia sẻ không?,
share_profile_for_doctor,Bạn muốn chia sẻ hồ sơ cho bác sĩ {}?,
share_profile_description,"Việc chia sẻ hồ sơ giúp bác sĩ có thêm thông tin để hỗ trợ chấn đoán và điều trị. Bạn có thể dừng chia sẻ hồ sơ khi không có nhu cầu.\nBạn có muốn tiếp tục chia sẻ không?",
share_profile_success,Bạn đã chia sẻ thành công!,
share_profile_success_description,"Bạn đã chia sẻ thành công hồ sơ cho bác sĩ {}. Bạn có thể dừng chia sẻ tại “danh sách đã chia sẻ”."
show_shared_list,Xem danh sách đã chia sẻ,
stop_sharing,Bạn muốn dừng chia sẻ hồ sơ cho bác sĩ {}?,
stop_sharing_description,"Sau khi dừng chia sẻ, bác sĩ sẽ không thể theo dõi hồ sơ của bạn nữa.",
qr_code_not_found,Không tìm thấy mã QR. Bạn hãy thử lại và đặt mã QR ở trung tâm màn hình nhé!,
referral_code_not_exist,Mã giới thiệu không tồn tại!,
shared_date,Ngày chia sẻ: {},
BloodPressureScreen,============================================BloodPressure screen====================================================
blood_pressure_trend,Xu hướng huyết áp,
lowest,Thấp nhất,
medium,Trung bình,
highest,Cao nhất,
heart_rate,Nhịp tim,
enter_data,Nhập vào,
mm_hg,mmHg,
time_per_minute,lần/phút,
distribution_frequency,Tần suất phân bổ,
grade_3_hypertension,Tăng huyết áp độ 3,
grade_2_hypertension,Tăng huyết áp độ 2,
grade_1_hypertension,Tăng huyết áp độ 1,
normal_high,Bình thường cao,
normal,Bình thường,
heart_rate_trend,Xu hướng nhịp tim,
update_blood_pressure,Cập nhật chỉ số huyết áp,
enter_blood_pressure,Nhập chỉ số huyết áp,
blood_pressure_for_diabetes,Chỉ số huyết áp đối với bệnh tiểu đường,
systolic_diastolic,Tâm thu / tâm trương,
mes_systolic_empty,Bạn chưa nhập chỉ số tâm thu,
mes_diastolic_empty,Bạn chưa nhập chỉ số tâm trương,
mes_heart_rate_empty,Bạn chưa nhập chỉ số nhịp tim,
mes_heart_rate_invalid,"Chúng tôi xin lỗi, số liệu nhịp tim mà bạn nhập không trong phạm vi cho phép. Giá trị kỳ vọng nằm dưới 200",
blood_pressure_description,"Tăng huyết áp, hay huyết áp cao, rất thường gặp ở những người bị đái tháo đường (tiểu đường) tuýp 2. Dù chưa biết lý do vì sao có sự tương quan đáng kể giữa đái tháo đường và tăng huyết áp nhưng người ta giả định rằng béo phì, chế độ ăn uống nhiều natri và lười vận động dẫn đến sự gia tăng đồng thời cả hai bệnh trên.\n\nTăng huyết áp được biết đến như một “kẻ giết người thầm lặng” vì nó không có triệu chứng rõ ràng. Một cuộc khảo sát năm 2002 của Hiệp hội Đái tháo đường Hoa Kỳ (ADA) cho thấy, khoảng 68% những người bị bệnh đái tháo đường không biết họ cũng có nguy cơ gia tăng bệnh tim và đột quỵ vì liên quan đến tăng huyết áp mạn tính.\n\nTăng huyết áp kéo dài sẽ khiến cho cơ tim mệt mỏi do phải bơm máu với áp lực cao và khiến cơ tim dần giãn rộng ra. Trong năm 2008, những người bệnh đái tháo đường trên 20 tuổi có huyết áp cao hơn 140/90 chiếm tới 67%.\n\nỞ người khỏe mạnh, huyết áp 140/90 được xem là bình thường, nhưng đối với bệnh nhân đái tháo đường tuýp 2, các bác sĩ khuyên bạn nên giữ chỉ số này thấp hơn 135/80.\n\nTrong đó, con số đầu tiên (135) được gọi là huyết áp tâm thu, cho thấy áp lực máu do tim co bóp để bơm đi. Số thứ hai (80), được gọi là huyết áp tâm trương, là áp lực được duy trì trong các động mạch giữa các nhịp co bóp của tim.\n\nNgười khỏe mạnh nên kiểm tra huyết áp vài lần trong năm, nhưng bệnh nhân đái tháo đường cần phải thận trọng hơn. Ngoài việc kiểm tra huyết áp ít nhất bốn lần mỗi năm, các chuyên gia khuyến cáo hãy tự theo dõi tại nhà, ghi lại các chỉ số và thông báo với bác sĩ."
BloodSugarScreen,============================================BloodSugar screen====================================================
before_and_after_eating,Trước & sau ăn,
before_and_after_exercise,Trước & sau tập luyện,
choose_time_to_compare,Chọn thời điểm so sánh,
choose_time_frame,Vui lòng chọn khung giờ,
blood_sugar_trend,Xu hướng đường huyết,
compare,So sánh,
before_after,Trước/Sau,
update_blood_sugar,Cập nhật chỉ số đường huyết,
enter_blood_sugar,Nhập chỉ số đường huyết,
blood_sugar_for_diabetes,Chỉ số đường huyết với bệnh tiểu đường,
corresponding_to,Tương ứng với,
mes_unsafe_blood_sugar,Đường huyết của bạn đang trong ngưỡng không an toàn. Vui lòng kiểm tra lại hoặc cho biết lý do,
mes_blood_sugar_empty,Bạn chưa nhập chỉ số Đường Huyết,
mes_reason_empty,Bạn chưa nhập lí do,
blood_sugar_group,Nhóm đường huyết,
result,Kết quả,
pick_a_model,Chọn 1 trong {} mẫu dưới đây để xem khuyến nghị của bác sĩ,
recommand_blood_sugar_test1,Chúng tôi khuyến nghị bạn đo đường huyết,
recommand_blood_sugar_test,Chúng tôi khuyến nghị bạn đo đường huyết ít nhất,
recommand_blood_sugar,Chúng tôi khuyến nghị bạn,
no_need_to_test,không cần đo,
often_testing_blood_sugar,đường huyết thường xuyên.,
time_per_day, {} lần/ngày,
time_per_week, {} lần/tuần,
upgrade_to_diab_pro,Nâng cấp gói DiaB Pro,
survey_again,Làm lại khảo sát,
testing_schedule_suggest,Gợi ý lịch đo,
blood_sugar_testing_schedule_suggest,Gợi ý lịch đo đường huyết,
show_result,Xem kết quả,
set_as_my_schedule,Đặt làm lịch của tôi,
reset_schedule,Đặt lại lịch gợi ý,
before_go_to_sleep,Trước khi đi ngủ,
latest_hba1c_is,DiaB ghi nhận chỉ số HbA1c của bạn lần gần nhất là
back_to_schedule,Trở về lịch của tôi,
blood_sugar_survey_description,Khuyến nghị lịch đo đường huyết được căn cứ trên gợi ý của Hiệp hội Đái tháo đường Canada. Bạn có thể tham khảo gợi ý này kèm theo tư vấn của bác sĩ đang điều trị cho bạn.,
blood_sugar_survey_description_link,http://guidelines.diabetes.ca,
blood_sugar_survey_done_description,Khuyến nghị lịch đo đường huyết được căn cứ trên gợi ý của hiệp hội đái tháo đường Canada. Bạn có thể tham khảo gợi ý này kèm theo tư vấn của bác sĩ đang điều trị cho bạn.,
blood_sugar_survey_update_require,Chức năng dành riêng cho gói Đồng hành. Vui lòng nâng cấp tài khoản để sử dụng tính năng này!,
survey_question_1,1. Bạn đang mắc đái tháo đường loại nào?,
survey_question_2,2. "HbA1c của bạn có < 7.0% không?",
survey_question_3,3. Bạn đang sử dụng loại thuốc gì?,
survey_question_4_1,4. Một ngày bạn tiêm bao nhiêu lần?,
survey_question_4_2,4. Có phải bạn mới được chẩn đoán đái tháo đường trong vòng 6 tháng gần đây không?,
survey_answer_1_a,Típ 1,
survey_answer_1_b,Típ 2,
survey_answer_1_c,Đái tháo đường thai kỳ,
survey_answer_1_d,Tiền Đái tháo đường,
survey_answer_2_a,Có,
survey_answer_2_b,Không,
survey_answer_3_a,Insulin,
survey_answer_3_b,Thuốc uống,
survey_answer_3_c,Ăn kiêng,
survey_answer_4_1_a,1 lần / ngày,
survey_answer_4_1_b,2 lần / ngày,
survey_answer_4_1_c,4 lần / ngày,
survey_answer_4_2_a,Có,
survey_answer_4_2_b,Không,
BMIScreen,============================================BMI screen====================================================
update_weight_info,Cập nhật chỉ số cân nặng,
enter_weight_info,Nhập chỉ số cân nặng,
diabetes_weight_control,Kiểm soát cân nặng bệnh tiểu đường,
your_bmi,Chỉ số BMI của bạn,
kg_m_2,kg/m²,
weight_and_height,Cân nặng & chiều cao,
enter_weight,Nhập cân nặng,
enter_height,Nhập chiều cao,
waist,Vòng eo,
enter_waist,Nhập vòng eo,
mes_weight_empty,Bạn chưa nhập chỉ số cân nặng,
mes_height_empty,Bạn chưa nhập chỉ số chiều cao,
waist_trend,Xu hướng vòng eo,
muc_tieu_vong_eo,Mục tiêu vòng eo,
hien_tai,Hiện tại,
nho_nhat,Nhỏ nhất,
lon_nhat,Lớn nhất,
xu_huong_can_nang,Xu hướng cân nặng,
muc_tieu_can_nang,Mục tiêu cân nặng,
nhe_nhat,Nhẹ nhất,
nang_nhat,Nặng nhất,
bmi_description,"Người mắc bệnh tiểu đường loại 2 thường cảm thấy khó khăn khi kiểm soát cân nặng. Tình trạng thừa cân hay béo phì lại khiến bệnh nghiêm trọng hơn.\n\nBạn sẽ bất ngờ khi biết thừa cân hoặc béo phì làm tăng nguy cơ xảy ra các biến chứng liên quan đến tiểu đường hoặc ngược lại, người tiểu đường sẽ dễ bị thừa cân và béo phì hơn. Bạn nên giảm cân bằng thói quen ăn uống lành mạnh và tập thể dục kiểm soát đường huyết để giảm nguy cơ biến chứng và nhiều vấn đề về sức khỏe khác. Tuy nhiên, nhiều lúc tiểu đường loại 2 tác động đến cân nặng một cách thầm lặng mà bạn không hề hay biết.\n\nCác yếu tố ăn uống cũng ảnh hưởng đến nguy cơ phát triển tiểu đường loại 2. Việc tiêu thụ đồ uống có đường quá mức sẽ làm gia tăng nguy cơ dẫn đến bệnh tiểu đường. Các loại chất béo trong chế độ ăn uống là rất quan trọng. Chất béo bão hòa và các acid béo chuyển hóa làm tăng nguy cơ, trong khi chất béo không bão hòa đa (polyunsaturated fat) và không bão hòa đơn (monounsaturated fat) làm giảm nguy cơ phát triển bệnh. Thói quen ăn nhiều gạo trắng cũng góp phần làm tăng nguy cơ của bệnh. Ngoài ra, có khoảng 7% bệnh nhân bị tiểu đường là do ít tập thể dục.",
EmotionScreen,============================================Emotion screen====================================================
chinh_sua_cam_xuc,Chỉnh sửa cảm xúc,
nhap_cam_xuc,Nhập cảm xúc,
kiem_soat_cam_xuc_benh_tieu_duong,Kiểm soát cảm xúc bệnh tiểu đường,
hom_nay_ban_cam_thay_the_nao,Hôm nay bạn\ncảm thấy thế nào?,
scroll_to_select_emotion,Trượt sang trái hoặc phải để chọn 1 cảm xúc,
trieu_chung_cua_ban,Triệu chứng của bạn,
hoat_dong_cua_ban,Hoạt động của bạn,
ban_co_trieu_chung_gi_dac_biet,Bạn có triệu chứng gì\nđặc biệt?,
nhan_tiep_tuc_neu_ban_khong_co_trieu_chung_nao,"Nhấn 'Tiếp tục' nếu bạn không có triệu chứng nào",
nhap_trieu_chung_khac,Nhập triệu chứng khác,
nhap_trieu_chung_cua_ban,Nhập triệu chứng của bạn,
ban_da_lam_gi_trong_ngay,Bạn đã làm gì\ntrong ngày?,
nhan_tiep_tuc_neu_ban_khong_co_hoat_dong_nao,"Nhấn 'Tiếp tục' nếu bạn không có hoạt động nào",
nhap_hoat_dong_khac,Nhập hoạt động khác,
nhap_hoat_dong_cua_ban,Nhập hoạt động của bạn,
tong_quan_hoat_dong,Tổng quan hoạt động,
trieu_chung,Triệu chứng,
trieu_chung_khac,Triệu chứng khác,
hoat_dong,Hoạt động,
hoat_dong_khac,Hoạt động khác,
cam_xuc_cua_ban,Cảm xúc của bạn,
ngay_qua,ngày qua,
tong_quan_trieu_chung,Tổng quan triệu chứng,
emotion_description,"Một chẩn đoán bệnh tiểu đường có thể đến như một cú sốc. Bạn có thể trải qua nhiều cảm xúc, và thật bình thường khi có cảm giác tức giận, buồn bã, đau buồn, chối bỏ, mất mát hoặc sợ hãi. Nếu những cảm xúc này trở nên quá khó đối phó, điều quan trọng là nói chuyện với bác sĩ gia đình của bạn hoặc tìm kiếm sự trợ giúp chuyên nghiệp.\nÁp lực của việc theo dõi và quản lý bệnh tiểu đường có thể gây căng thẳng - và căng thẳng có thể gây ra sự dao động về mức đường huyết, cũng như có ảnh hưởng đến sức khỏe tâm thần chung của bạn.\nCố gắng đặt kỳ vọng thực tế và các chiến lược thực tế để đối phó với những suy nghĩ, cảm xúc và cảm xúc liên quan đến bệnh tiểu đường. Cũng cố gắng để giữ một số quan điểm về mục tiêu của bạn và những gì bạn có thể quản lý",
ExercisesScreen,============================================Exercises screen====================================================
hoat_dong_trong_ngay,Hoạt động trong ngày,
di_bo_trong_ngay,Đi bộ trong ngày,
so_phut_di_bo_moi_ngay,Số phút đi bộ mỗi ngày,
them_muc_tieu_thanh_cong,Thêm mục tiêu thành công,
xep_hang_thoi_gian_van_dong,Xếp hạng thời gian vận động,
binh_quan_trong_nhom_tuoi_cua_toi,Bình quân trong nhóm tuổi của tôi,
xu_huong_dot_calo,Xu hướng đốt calo,
nang_luong_dot_chay_tren_ngay,Năng lượng đốt cháy / ngày,
nang_luong_dot_chay_tren_tuan,Năng lượng đốt cháy / tuần,
tong_cong,Tổng cộng,
ban_chua_nhap_thoi_gian_van_dong,Bạn chưa nhập thời gian vận động,
xu_huong_thoi_gian,Xu hướng thời gian,
so_phut_van_dong_moi_ngay,Số phút vận động mỗi ngày,
so_phut_van_dong_moi_tuan,Số phút vận động mỗi tuần,
chinh_sua_van_dong,Chỉnh sửa vận động,
nhap_chi_so_van_dong,Nhập chỉ số vận động,
che_do_tap_luyen_doi_voi_benh_tieu_duong,Chế độ tập luyện đối với bệnh tiểu đường,
luong_calo_ban_da_tieu_hao,Lượng calo bạn đã tiêu hao,
them_hoat_dong,Thêm hoạt động,
chinh_sua_thoi_gian,Chỉnh sửa thời gian,
ky_luc,Tuyệt vời! Bạn đã phá kỷ lục thời gian tập luyện. Kỷ lục hiện tại của bạn với bộ môn này là,
chuc_mung,Chúc mừng!,
hoat_dong_lower_case,hoạt động,
ban_chua_chon_hoat_dong,Bạn chưa chọn hoạt động,
chon_cuong_do_hoat_dong,Chọn cường độ hoạt động,
ban_chua_chon_cuong_do,Bạn chưa chọn cường độ,
chon_hinh_thuc_hoat_dong,Chọn hình thức hoạt động,
thoi_gian_van_dong,Thời gian vận động,
ban_chua_chon_hinh_thuc,Bạn chưa chọn hình thức,
ban_chua_chon_thoi_gian,Bạn chưa chọn thời gian,
chon_loai_van_dong,Chọn loại vận động,
tim_kiem_hoat_dong,Tìm kiếm hoạt động,
hoat_dong_pho_bien,Hoạt động phổ biến,
hoat_dong_thuong_xuyen,Hoạt động thường xuyên,
cac_hoat_dong_khac,Các hoạt động khác,
FoodScreen,============================================Food screen====================================================
nang_luong_nap_tren_ngay,Năng lượng nạp / ngày,
ban_chua_nhap_gia_tri,Bạn chưa nhập giá trị,
ban_chua_nhap_thong_tin,Bạn chưa nhập thông tin,
tinh_lai_theo_cong_thuc_tdee,Tính lại theo công thức TDEE,
tinh_theo_tdee,Tính theo TDEE,
nam_sinh,Năm sinh,
nhap_nam_sinh,Nhập năm sinh,
cuong_do_tap_luyen,Cường độ tập luyện,
chon_cuong_do_tap_luyen,Chọn cường độ tập luyện,
ban_chua_nhap_can_nang,Bạn chưa nhập cân nặng,
ban_chua_nhap_chieu_cao,Bạn chưa nhập chiều cao,
ban_chua_nhap_nam_sinh,Bạn chưa nhập năm sinh,
ban_chua_chon_cuong_do_tap_luyen,Bạn chưa chọn cường độ tập luyện,
da_chon,Đã chọn,
mon,món,
nang_luong,Năng lượng,
dinh_duong_da_nap_theo_ngay,Dinh dưỡng đã nạp theo ngày,
chat_bot_duong,Chất bột đường,
calo,Calo,
beo,Béo,
duong,Đường,
dam,Đạm,
xo,Xơ,
khau_phan,Khẩu phần,
bao_gom,bao gồm,
khau_phan_cua_ban,Khẩu phần của bạn,
ban_chua_nhap_du_lieu,Bạn chưa nhập dữ liệu,
mon_an,món ăn,
da_an,Đã ăn,
nang_luong_phan_bo,Năng lượng phân bổ,
chon_mon,Chọn món,
xu_huong_dinh_duong,Xu hướng dinh dưỡng,
nhap_mon_an,Nhập món ăn,
tim_kiem_mon_an,Tìm kiếm món ăn,
tinh_bot,Tinh bột,
cap_nhat_chi_so_dinh_duong,Cập nhật chỉ số dinh dưỡng,
nhap_chi_so_dinh_duong,Nhập chỉ số dinh dưỡng,
che_do_dinh_duong_benh_tieu_duong,Chế độ dinh dưỡng bệnh tiểu đường,
luong_calo_ban_da_nap,Lượng calo bạn đã nạp,
them_mon_an,Thêm món ăn,
ban_chua_chon_mon_an,Bạn chưa chọn món ăn,
food_advice,"Chế độ dinh dưỡng có khoa học giúp kiểm soát tình trạng bệnh tiểu đường tốt hơn. Theo đó, những thực phẩm người bệnh tiểu đường nên ăn bao gồm",
nhom_duong_bot,Nhóm đường bột,
nhom_duong_bot_description,"Ngũ cốc nguyên hạt, đậu đỗ, gạo còn vỏ cám, rau củ... được chế biến bằng cách hấp, luộc, nướng, hạn chế tối đa rán, xào... Các loại củ như khoai sắn cũng cung cấp khá nhiều tinh bột, nên nếu người bệnh tiểu đường ăn các loại này thì cần phải giảm hoặc cắt cơm.",
nhom_thit_ca,Nhóm thịt cá,
nhom_thit_ca_description,"Người bệnh tiểu đường nên ăn cá, thịt nạc, thịt gia cầm bỏ da, thịt lọc bỏ mỡ, các loại đậu đỗ... được chế biến đơn giản như hấp, luộc, áp chảo nhằm loại bớt mỡ.",
nhom_chat_beo_duong_description,"Các thực phẩm có chất béo không bão hòa được ưu tiên trong chế độ ăn của người bệnh tiểu đường như dầu đậu nành, vừng, dầu cá, mỡ cá, olive...",
nhom_rau,Nhóm rau,
nhom_rau_description,"Người bệnh tiểu đường nên ăn rau nhiều hơn trong thực đơn của mình thông qua các cách chế biến đơn giản như ăn sống, hấp, luộc, rau trộn nhưng không nên sử dụng nhiều loại sốt có chất béo.",
nhom_hoa_qua,Hoa quả,
nhom_hoa_qua_description,"Người bệnh tiểu đường cần tăng cường ăn trái cây tươi, không nên chế biến thêm bằng cách cho thêm kem, sữa, hạn chế ăn các loại quả chín ngọt như: sầu riêng, hồng chín, xoài chín,...",
when,Lúc,
mon_an_gan_day,Món ăn gần đây,
mon_yeu_thich,Món yêu thích,
danh_muc,Danh mục,
kcal_input,Số Kcal đã nạp,
enter_kcal_hint,Nhập số Kcal đã nạp,
invalid_kcal,Số Kcal phải lớn hơn 0,
Hba1cScreen,============================================Hba1c screen====================================================
tim_hieu_them,Tìm hiểu thêm,
bai_viet_noi_bat,Bài viết nổi bật,
xu_huong_hba1c,Xu hướng HbA1c,
xem_nguong_hba1c,Xem nguỡng HbA1c,
filter,Bộ lọc,
sau_thang,6 tháng,
mot_nam,1 năm,
hai_nam,2 năm,
loc_theo_thoi_gian,Lọc theo thời gian,
cap_nhat_chi_so_hba1c,Cập nhật chỉ số HbA1c,
nhap_chi_so_hba1c,Nhập chỉ số HbA1c,
chi_so_hba1c_doi_voi_benh_tieu_duong,Chỉ số HbA1c đối với bệnh tiểu đường,
ban_chua_nhap_chi_so_hba1c,Bạn chưa nhập chỉ số HbA1c,
invalid_hba1c,"Chúng tôi xin lỗi, số liệu mà bạn nhập không trong phạm vi cho phép. Giá trị kỳ vọng nằm trong ngưỡng 1 - 30",
bang_chi_so_hba1c_va_duong_huyet,Bảng chỉ số HbA1c & đường huyết,
HomeScreen,============================================Home screen====================================================
thanh_vien_co_ban,Thành viên cơ bản,
share_with_diab,Điều gì tạo động lực sống khỏe hơn mỗi ngày cho bạn? Hãy chia sẻ cùng DiaB nhé!,
viet_dong_luc,Viết động lực,
vui_ve,Vui vẻ,
buon_ngu,Buồn ngủ,
om,Ốm,
dinh_duong_va_van_dong,Dinh dưỡng & Vận động,
ti_le_so_voi_lan_truoc,% so với lần trước!,
da_nap,Đã nạp,
tieu_hao,Tiêu hao,
LoginScreen,============================================Login screen====================================================
mat_khau_moi_it_nhat_6_ky_tu,Mật khẩu mới ít nhất 6 ký tự,
mat_khau_hien_tai,Mật khẩu hiện tại,
nhap_mat_khau,Nhập mật khẩu,
mat_khau_moi,Mật khẩu mới,
nhap_mat_khau_moi,Nhập mật khẩu mới,
xac_nhan_mat_khau_moi,Xác nhận mật khẩu mới,
nhap_lai_mat_khau_moi,Nhập lại mật khẩu mới,
luu_mat_khau,Lưu mật khẩu,
doi_mat_khau,Đổi mật khẩu,
ban_chua_nhap_mat_khau,Bạn chưa nhập mật khẩu,
tao_mat_khau_moi,Tạo mật khẩu mới,
mat_khau_khong_chua_khoang_trang,Mật khẩu không chứa khoảng trắng,
mat_khau_khong_trung_khop,Mật khẩu không trùng khớp,
doi_mat_khau_thanh_cong,"Đổi mật khẩu thành công, bạn có thể đăng nhập lại với mật khẩu mới",
mat_khau_hien_tai_khong_dung,Mật khẩu hiện tại không đúng,
reset_mat_khau_thanh_cong,"Reset mật khẩu thành công, bạn có thể đăng nhập lại với mật khẩu mới",
phone_number_for_otp,Nhập số điện thoại bạn đã đăng ký trước đó để chúng tôi gửi mã xác nhận đổi mật khẩu,
so_dien_thoai,Số điện thoại,
nhap_so_dien_thoai,Nhập số điện thoại,
quyen_mat_khau,Quên mật khẩu,
ban_chua_nhap_so_dien_thoai,Bạn chưa nhập số điện thoại,
so_dien_thoai_khong_ton_tai,Số điện thoại không tồn tại. Vui lòng đăng nhập hoặc dùng số điện thoại khác để đăng ký!,
da_gui_otp_5_lan_cho_so_dien_thoai,Đã gửi OTP 5 lần cho số điện thoại ,
dang_ky_lai_hom_sau,.\nVui lòng kiểm tra lại hoặc đăng ký vào ngày hôm sau!,
hoac_dang_nhap_bang,Hoặc đăng nhập bằng,
chua_co_tai_khoan,Chưa có tài khoản?,
tao_tai_khoan_moi,Tạo tài khoản mới,
mat_khau_khong_chinh_xac,Mật khẩu không chính xác. Vui lòng kiểm tra lại,
so_dien_thoai_khong_chinh_xac,Số điện thoại không tồn tại. Vui lòng kiểm tra lại,
tai_khoan_het_hieu_luc,"Tài khoản của bạn đã hết hiệu lực, vui lòng liên lạc quản trị viên để được hỗ trợ",
tai_khoan_can_nang_cap,"Xin lỗi bạn, tài khoản của bạn chưa thể sử dụng tính năng này. Vui lòng liên hệ DiaB để được tư vấn nâng cấp tài khoản.\n0768070727.",
so_dien_thoai_da_ton_tai,Số điện thoại đã tồn tại. Vui lòng đăng nhập hoặc dùng số điện thoại khác để đăng ký!,
user_name_default,Tài khoản nguời dùng,
xac_nhan_mat_khau,Xác nhận mật khẩu,
nhap_lai_mat_khau,Nhập lại mật khẩu,
tao_tai_khoan,Tạo tài khoản,
da_co_tai_khoan,Đã có tài khoản,
ban_chua_nhap_lai_mat_khau,Bạn chưa nhập lại mật khẩu,
nhap_lai_mat_khau_khong_chinh_xac,Nhập lại mật khẩu không chính xác,
dieu_khoan_va_dieu_kien,Điều khoản & điều kiện,
toi_dong_y,Tôi đồng ý,
dong_hanh_va_se_chia,Đồng hành & sẻ chia,
dong_hanh_va_se_chia_description,Hướng đến những thay đổi lành mạnh cùng đội ngũ huấn luyện sức khỏe (Health Coach),
hieu_de_yeu_ban_than_hon,Hiểu để yêu bản thân hơn,
hieu_de_yeu_ban_than_hon_description,"Theo dõi sức khỏe dễ dàng, học cách yêu thương bản thân hơn chỉ trên một ứng dụng",
va_khong_chi_co_ban,Và không chỉ có bạn...,
va_khong_chi_co_ban_description,
version,Version,
hay_de_diab_thau_hieu_ban_hon,Hãy để DiaB \nthấu hiểu bạn hơn!,
hay_de_diab_thau_hieu_ban_hon_single_line,Hãy để DiaB thấu hiểu bạn hơn!
chao_mung,Chào mừng,
ban,Bạn,
ho_va_ten,Họ & tên,
nhap_ho_ten,Nhập họ tên,
chon_ngay_sinh,Chọn ngày sinh,
gioi_tinh,Giới tính,
chon_gioi_tinh,Chọn giới tính,
nam,Nam,
nu,Nữ,
tinh_trang_benh_tieu_duong,Tình trạng bệnh tiểu đường,
chon_tinh_trang_benh,Chọn tình trạng bệnh,
chon_nam,Chọn năm,
luu_thong_tin,Lưu thông tin,
loai_benh,Loại bệnh,
ban_chua_nhap_ho_ten,Bạn chưa nhập họ tên,
ban_chua_chon_ngay_sinh,Bạn chưa chọn ngày sinh,
ban_chua_chon_gioi_tinh,Bạn chưa chọn giới tính,
ban_chua_chon_tinh_trang_benh_tieu_duong,Bạn chưa chọn tình trạng bệnh tiểu đường,
ban_chua_chon_nam_phat_hien_benh,Bạn chưa chọn năm phát hiện bệnh,
so_dien_thoai_da_ton_tai_trong_he_thong,"Số điện thoại này đã tồn tại trong hệ thống, vui lòng kiểm tra lại",
nhap_otp,Nhập 4 số trong tin nhắn văn bản đã gửi đến,
otp_khong_chinh_xac,Mã xác nhận không chính xác. Vui lòng kiểm tra lại,
gui_lai_ma,Gửi lại mã,
thay_doi_so_dien_thoai,Thay đổi số điện thoại,
xac_nhan_so_dien_thoai,Xác nhận số điện thoại,
da_gui_lai_otp,Đã gửi lại mã OTP.\nVui lòng kiểm tra tin nhắn,
NotificationScreen,============================================Notification screen====================================================
not_read_yet,Chưa đọc,
read,Đã đọc,
mes_detele_notificaiton,Xoá thông báo?,
mes_comfirm_detele_notificaiton,Bạn chắc chắn muốn xoá thông báo này?,
detele_notificaiton,Xoá\nthông báo,
later,Để sau,
ProfileScreen,============================================Profile screen====================================================
every_day,Hàng ngày,
every_day_except_sunday,Hàng ngày trừ Chủ Nhật,
every_week,Hàng tuần,
every_30_minutes,Mỗi 30 phút,
edit_reminder_calendar,Chỉnh sửa lịch nhắc nhở,
add_reminder_calendar,Thêm lịch nhắc nhở,
reminder_calendar,Lịch nhắc nhở,
status,Trạng thái,
time_reminder,Thời gian nhắc nhở,
repeat,Lặp lại,
reminder_name,Tên nhắc nhở,
enter_reminder_name,Nhập tên nhắc nhở,
content_reminder,Nội dung nhắc nhở,
enter_content_reminder,Nhập nội dung nhắc nhở,
mes_reminder_name_empty,Bạn chưa nhập tên nhắc nhở,
mes_time_reminder_empty,Bạn chưa nhập thời gian nhắc nhở,
address,Địa chỉ,
specific_address,Địa chỉ cụ thể,
enter_your_address,Nhập địa chỉ của bạn,
province,Tỉnh thành,
choose,Chọn,
mes_province_empty,Bạn chưa chọn tỉnh thành,
district,Quận/Huyện,
mes_district_empty,Bạn chưa chọn quận/huyện,
wards,Phường/Xã,
mes_address_empty,Bạn chưa nhập địa chỉ,
mes_wards_empty,Bạn chưa chọn phuờng/xã,
contact_diab,Liên hệ với DiaB,
hotline,Hotline: {},
mes_call_diab,Bạn muốn gọi đến Hotline của DiaB để được trợ giúp?,
call,Gọi,
goal_setting,Thiết lập mục tiêu,
goal_setting_done,Đã thiết lập,
minutes_exercise_per_week,Số phút vận động hằng tuần,
energy_take_per_day,Năng lượng thu nạp / ngày,
user_manual,Hướng dẫn sử dụng,
motivational_diary,Nhật ký động lực,
profile_file,Hồ sơ,
user_id,Mã người dùng: {},
coaching_package,Gói Coaching,
remind,Nhắc nhở,
personal_schedule,Lịch sinh hoạt\ncá nhân,
personal_schedule_single_line,Lịch sinh hoạt cá nhân,
blood_sugar_schedule,Lịch đo\nđường huyết,
blood_sugar_schedule_single_line,Lịch đo đường huyết,
personal_info,Thông tin cá nhân,
information_security,Bảo mật thông tin,
update_phone_number,Cập nhật số điện thoại,
let_diab_remind_you,Để DiaB giúp bạn ghi nhớ và nhắc nhở những việc cần làm nhé!,
setup_personal_schedule,Thiết lập lại thời gian cho phù hợp với lịch sinh hoạt cá nhân trong ngày của bạn,
wake_up,Thức giấc,
morning,sáng,
mes_set_all_time_frame,Bạn phải thiết lập thời gian tất cả khung giờ,
default_time_to_measure_blood_sugar,Thời điểm đo đường huyết mặc định là,
suggest_time_to_measure_blood_sugar,"30p trước ăn, 150p sau ăn và 30p trước khi đi ngủ",
time_to_measure_blood_sugar,"{}p trước ăn, {}p sau ăn và {}p trước khi đi ngủ",
setup,Thiết lập,
sunday,CN,
day_in_week,T{},
the_morning,Buổi sáng,
the_noon,Buổi trưa,
the_evening,Buổi tối,
sleep_time,Giờ ngủ,
before_sleep,Trước khi ngủ,
setup_reminder_time_and_unit,Đặt lại thời gian nhắc nhở cho mỗi khung giờ và đơn vị đo phù hợp với nhu cầu của bạn,
blood_sugar_unit,Đơn vị đo dường huyết,
my_motivation,Động lực của tôi,
view_log,Xem nhật ký,
new_motivation,Động lực mới,
add_new_motivation,Nhập động lực mới,
new_motivaiton_suggest,Điều gì tạo động lực sống khoẻ cho bạn?,
enter_motivation,Viết động lực,
general_info,Thông tin chung,
last_name_and_first_name,Họ và tên,
updating,Đang cập nhật,
pathological_info,Thông tin bệnh lý,
year_illness_start,Năm phát bệnh,
body_info,Chỉ số cơ thể,
not_updated_yet,Chưa cập nhật,
contact_info,Thông tin liên lạc,
phone_number_1,Số điện thoại 1,
phone_number_2,Số điện thoại 2,
enter_phone_number_1,Nhập số điện thoại 1,
enter_phone_number_2,Nhập số điện thoại 2,
not_connected_yet,Chưa kết nối,
account_already_used,"Tài khoản này đã được liên kết, vui lòng sử dụng tài khoản khác",
unlinked,Đã huỷ liên kết,
enter_first_name_and_last_name,Nhập họ và tên,
mes_name_empty,Bạn chưa nhập tên,
mes_weight_must_greater_than_zero,Cân nặng phải lớn hơn 0,
mes_height_must_greater_than_zero,Chiều cao phải lớn hơn 0,
enter_your_email,Nhập email của bạn,
mes_invalid_email,Email không hợp lệ,
edit_motivation,Chỉnh sửa động lực,
letters_left_count,Còn {} ký tự,
mes_motivation_content_empty,Bạn chưa nhập nội dung,
TabbarScreen,============================================Tabbar screen====================================================
choose_other_info,Chọn chỉ số khác,
your_status_info,Trạng thái chỉ số của bạn,
warning_info,Các chỉ số ở mức cảnh báo:,
tends_to_negative,Có xu hướng trở nên tiêu cực,
not_changeed,Không thay đổi,
tends_to_posiitive,Có xu hướng trở nên tích cực,
good_successed,Tốt / đạt mục tiêu,
mes_new_version_available,"Phiên bản mới {}.\nBấm cập nhật để trải nghiệm những tính năng mới",
update_weight,Cập nhật cân nặng,
update_weight_description,Vui lòng cho chúng tôi biết số cân nặng của bạn trước khi nhập dữ liệu để ghi nhận chính xác hơn,
FoodMenuScreen,============================================FoodMenu screen====================================================
food_menu,Thực đơn mẫu,
change_food_info,Sửa chỉ số,
total_kcals,{} kcals,
total_starch,{}g bột đường,
attention,Lưu ý:,
note,Chú thích:,
dessert,Món tráng miệng,
choose_alternative_dish,Chọn món ăn thay thế,
food_quantity_recommand,"Để phù hợp với thực đơn mẫu, bạn nên ăn",
for_this_food,cho khẩu phần này,
suggest_food_empty,"Rất tiếc! Chúng tôi chưa tìm được món ăn phù hợp để gợi ý cho bạn!"
food_menu_empty,"Rất tiếc! Chúng tôi chưa có thực đơn mẫu nằm trong khung năng lượng của bạn.",
food_menu_update_required,Vui lòng nâng cấp tài khoản lên gói Đồng hành để xem đầy đủ thực đơn mẫu cho cả tuần!,
energy_use_per_day,Mức tiêu hao năng lượng/ngày của bạn,
food_from_menu,"Theo thực đơn mẫu, có phải bạn đã ăn",
MyPlanScreen,============================================MyPlan screen====================================================
my_plan,Lịch trình của tôi,
schedule,Lịch trình,
activity,Hoạt động,
title_lesson,Bài học,
title_activity,Hoạt động,
title_exercise,Vận động,
title_route,Lộ trình,
title_suggest,Gợi ý,
search_by_key,Tìm kiếm từ khoá,
stop_exercise_warning,Bạn muốn dừng bài học?,
stop_exercise_warning_description,"Việc thoát ra sẽ gây gián đoạn quá trình học bài tập vận động, bạn vẫn chắc chắn muốn thoát?",
exercise_level_1,Bài tập quá nhẹ,
exercise_level_2,Bài tập nhẹ,
exercise_level_3,Bài tập vừa sức,
exercise_level_4,Bài tập nặng,
exercise_level_5,Bài tập quá nặng,
send_feedback,Gửi đánh giá,
thank_you_for_feedback,Cảm ơn bạn đã để lại đánh giá!,
thank_you_for_feedback_description,Chúng tôi rất trân trọng những phản hồi của bạn để làm tốt hơn mỗi ngày,
change_road_map,Thay đổi lộ trình,
select_road_map,Chọn lộ trình,
change_road_map_success,Chọn lộ trình thành công!,
today_is_day_off,Hôm nay là ngày nghỉ!,
today_is_day_off_description,Hãy dành thời gian nghỉ ngơi\nvà thư giãn nhé!,
today_is_day_no_exercise,Lộ trình hôm nay không có bài tập nào!,
start_exercise,Bắt đầu tập,
show_instruction,Xem hướng dẫn,
lesson_category,Danh mục bài học,
section_position,Phần {},
no_matched_lesson,Không tìm thấy bài học phù hợp!,
no_matched_lesson_description,Bạn hãy tạo lại bộ lọc để tìm kiếm các kết quả khác nhé.,
lesson_locked,Bài học chưa mở khoá!,
lesson_locked_warning,"Bạn chưa hoàn thành các bài tập trước!\nVui lòng học theo đúng lộ trình để mở khoá bài tập này.",
exercise_lesson_locked,Bài tập chưa mở khoá!,
exercise_lesson_locked_warning,"Bạn chưa hoàn thành các bài tập trước!\nVui lòng học theo đúng lộ trình để mở khoá bài tập này.",
filter_by_key_word,Lọc theo từ khoá,
filter_by_lesson_name,Lọc theo tên bài học,
enter_lesson_name,Nhập tên bài học,
enter_key_word,Nhập từ khoá,
filtering,Lọc kết quả,
remake_filter,Tạo lại bộ lọc,
filter_not_learnt_lesson_yet,Lọc bài chưa học,
lesson_not_learnt_yet,Chưa học,
lesson_not_unlock_yet,Chưa mở khoá,
lesson_can_not_learn,Không được học,
exercise_done,Chúc mừng bạn hoàn thành bài tập của ngày hôm nay!,
joining,Đang tham gia,
ask_for_change_roadmap,"Bạn đang học {}, bạn có chắc muốn đổi lộ trình khác không?",
road_map_changed,"Bạn đã chọn {}. Lộ trình bao gồm {} bài học.",
lesson_empty_no_filter,Tuần này bạn không có bài học nào!,
lesson_empty_no_filter_description,Hãy dành thời gian nghỉ ngơi và thư giãn nhé!,
goal_of_day,Hôm nay,
goal_of_week,Tuần này,
setup_smart_goal_title,Cài đặt mục tiêu,
smart_goal_blood_sugar,Đo đường huyết,
smart_goal_blood_pressure,Đo huyết áp,
smart_goal_weight,Đo cân nặng,
smart_goal_food,Cập nhật bữa ăn,
smart_goal_hba1c,Đo HbA1c,
smart_goal_emotion,Nhập cảm xúc,
smart_goal_exercise,Vận động,
smart_goal_lesson,Học bài,
smart_goal_exercise_lesson,Bài tập vận động,
goal_record_type_time,Thời gian thực hiện,
goal_record_type_frequency,Số lần thực hiện,
select_smart_goal,Chọn loại\nmục tiêu,
setup_smart_goal,Chi tiết\nmục tiêu,
smart_goal_name_empty,{} là bắt buộc,
smart_goal_repeat_day_empty,Ngày lặp lại là bắt buộc,
smart_goal_exercise_time_empty,Chưa nhập số phút vận động,
smart_goal_exercise_frequency_empty,Chưa nhập số lần thực hiện,
select_smart_goal_type,Chọn loại mục tiêu,
create_new_habit,Tạo thói quen mới,
do_a_favorite_thing,Làm một việc yêu thích,
biometric_monitoring_frequency,Tần suất theo dõi chỉ số sinh học,
personal_smart_goal,Mục tiêu cá nhân,
smart_setup_completed,Bạn đã cài đặt mục tiêu thành công!,
smart_goal_name,Mục tiêu của bạn là gì,
select_start_date,Chọn ngày bắt đầu hoạt động,
select_end_date,Ngày kết thúc mục tiêu này,
smart_goal_record_type_title,Tính mục tiêu đề ra,
smart_goal_record_type_description,(Vui lòng chọn 1 trong 2 cách),
frequency_per_day,Số lần <thực hiện hoạt động> trong ngày,
enter_smart_goal_name,"Đọc sách mỗi ngày, thư giãn...",
please_select_roadmap,"Vui lòng lựa chọn một lộ trình phù hợp\nđể bắt đầu trải nghiệm các bài tập cùng DiaB!"
select_frequency,Độ thường xuyên của mục tiêu,
my_progress,Tiến độ của tôi,
report,Báo cáo,
goal,Mục tiêu,
coach11,Coach 1 - 1,
coach1n,Coach 1 - n,
lesson_learned,Bài học đã học,
lesson_unlocked,Bài học đã mở khoá,
lesson_not_learned,Bài học chưa học,
dia_recommand,DiaB khuyến nghị:,
cancel_smart_goal,Huỷ mục tiêu,
confirm_cancel_smart_goal,Xác nhận huỷ mục tiêu,
confirm_cancel_smart_goal_description,"Mục tiêu này trong tương lai cũng sẽ bị huỷ, bạn chắc chắn huỷ mục tiêu chứ?",
congratulation_achive_daily,Chúc mừng bạn đã hoàn thành mục tiêu ngày hôm nay!,
congratulation_achive_weekly,Chúc mừng bạn đã hoàn thành mục tiêu tuần này!,
create_smart_goal,Thêm mục tiêu,
Common,============================================Common====================================================
huyet_ap,Huyết áp,
duong_huyet,Đường huyết,
bmi,BMI,
hba1c,HbA1c,
cam_xuc,Cảm xúc,
dinh_duong,Dinh dưỡng,
van_dong,Vận động,
can_nang,Cân nặng,
high,Cao,
very_high,Rất cao,
low,Thấp,
very_low,Rất thấp,
good,Tốt,
great,Tuyệt vời,
chu_thich,Chú thích,
thoi_gian,Thời gian,
khung_gio,Khung giờ,
chi_so,Chỉ số,
xem_chi_tiet,Xem chi tiết,
ly_do,Lý do,
nhap_ly_do,Nhập lý do,
chon_khung_gio,Chọn khung giờ,
ghi_chu,Ghi chú,
nhap_ghi_chu_cua_ban,Nhập ghi chú của bạn,
xoa_du_lieu,Xoá dữ liệu,
xoa_thanh_cong,Xoá thành công,
ban_chua_nhap_ly_do,Bạn chưa nhập lý do,
ban_chua_nhap_thoi_gian,Bạn chưa nhập thời gian,
ban_chua_chon_khung_gio,Bạn chưa chọn khung giờ,
ban_muon_xoa_du_lieu,Bạn muốn xoá dữ liệu?,
confirm_to_remove_data,"Các thống kê sẽ thay đổi khi dữ liệu bị xoá, bạn vẫn chắc chắn muốn xoá?",
ban_muon_quay_lai,Bạn muốn quay lại ?,
confirm_to_back,"Dữ liệu đang nhập sẽ không được lưu lại, bạn vẫn chắc chắn muốn thoát?",
van_o_lai,Vẫn ở lại,
exit,Thoát,
chon_trong_thu_vien,Chọn trong thư viện,
chup_anh,Chụp ảnh,
max_image_select,Chỉ đuợc chọn tối đa 5 ảnh,
allowed,Cấp quyền,
ask_for_permission,Bạn cần cấp quyền truy cập để sử dụng tính năng này,
pick_date,Chọn ngày,
pick_time,Chọn thời gian,
bieu_do,Biểu đồ,
detail,Chi tiết,
all,Tất cả,
truoc_an,Trước ăn,
sau_an,Sau ăn,
truoc_tap,Trước tập,
truoc_tap_luyen,Truớc tập luyện,
sau_tap,Sau tập,
sau_tap_luyen,Sau tập luyện
nua_dem,Nửa đêm,
mg_dl,mg/dL,
mmol_l,mmol/L,
ngay_sinh,Ngày sinh,
nam_phat_hien_benh,Năm phát hiện bệnh,
kg,kg,
gram,g
cm,cm,
ban_chua_nhap_ghi_chu,Bạn chưa nhập ghi chú,
tiep_tuc,Tiếp tục,
muc_tieu,Mục tiêu,
muc_tieu_moi,Mục tiêu mới,
chon_cuong_do_van_dong,Chọn cường độ vận động,
cap_nhat,Cập nhật,
chinh_sua,Chỉnh sửa,
khac,Khác,
chon_hinh_thuc,Chọn hình thức,
kcal,kcal,
minute,phút,
minute_upper_case_first,Phút,
hour,giờ,
hour_upper_case_first,Giờ,
single_time,lần,
week_upper_case_first,Tuần,
nhap_thoi_gian,Nhập thời gian,
unit_percent,{}%
phien_dang_nhap_het_han_vui_long_dang_nhap_lai,"Phiên đăng nhập hết hạn, vui lòng đăng nhập lại",
cong_ty_co_phan_cong_nghe_y_te,Công ty cổ phần công nghệ y tế,
or,Hoặc,
chieu_cao,Chiều cao,
year,năm,
total,Tổng,
gan_nhat,Gần nhất,
luu_thanh_cong,Lưu thành công,
number_of_days,{} ngày,
plan,Kế hoạch,
course,Khoá học,
individual,Cá nhân,
list_service,Các gói dịch vụ của DiaB,
text_list_service,"Mong muốn mang đến những giá trị thiết thực cho những khách hàng của DiaB, chúng tôi đã kiến tạo 2 gói dịch vụ gồm:",
service_basic,Gói cơ bản,
service_pro,Gói Đồng hành,
service_premium,Gói thay đổi lối sống,
text_continue,Tiếp tục,
interest_course,Bạn quan tâm đến khoá học của DiaB?,
option_already_register,Tôi đã đăng ký nhưng chưa được học.,
option_need_more_info,Tôi cần thêm thông tin về các khoá học.,
option_another,Khác,
send,Gửi,
hint_msg_to_diab,Gửi lời nhắn tới DiaB,
interest,Quan tâm,
diab_pro,Đồng hành,
package_pro,Gói Đồng hành,
premium,Thay đổi lối sống
description_diab_pro,"Gói cung cấp những tính năng chuyên sâu, hỗ trợ tốt hơn trong cuộc chiến với đái tháo đường",
diab_premium,Thấu cảm,
package_premium,Gói Thấu cảm,
description_diab_basic,"Những huấn luyện viên của DiaB sẽ đồng hành cùng bạn, nhằm hỗ trợ một cách tối ưu nhất trong quá trình luyện tập.",
ignore,Bỏ qua,
des_1_welcome_2,Giáo trình được xây dựng bởi đội ngũ chuyên gia giàu kinh nghiệm,
des_2_welcome_2,"Lộ trình khoa học được thiết kế hàng tuần, phù hợp với mỗi học viên"
des_3_welcome_2,Củng cố kiến thức sau mỗi bài học
des_1_welcome_3,"Có huấn luyện viên sát cánh, hỗ trợ theo hết khoá học"
des_2_welcome_3,"Hỏi đáp 24/7: Các chuyên gia luôn cố gắng giải đáp, thắc mắc"
start,Bắt đầu,
upgrade_account,Nâng cấp tài khoản,
see_detail,Xem chi tiết,
continue_basic_package,Tiếp tục sử dụng gói cơ bản,
feature,Tính năng,
basic,Cơ bản,
pro,Pro,
payment,Thanh toán,
number_month,{} tháng,
number_year,{} năm,
number_course,Bài học,
number_hour,Giờ học,
period,Thời hạn: ,
total_price,Tổng tiền: ,
notice_payment,Lưu ý: Các gói sẽ được thanh toán định kỳ khi hết thời hạn sử dụng.,
success_story,Câu chuyện thành công,
price_per_month,{}/tháng,
package_number_month,Gói {} tháng,
how_to_register,Cách thức đăng ký,
time,Thời gian,
amount,Số tiền:,
account_number,Số tài khoản:,
bank,Ngân hàng:,
receiver,Người nhận:,
content,Nội dung:,
des_pro,Giải pháp toàn diện dành cho người mắc đái tháo đường,
morning_first_upper_case,Sáng,
noon_first_upper_case,Trưa,
evening_first_upper_case,Tối,
show_more,Xem thêm,
show_less,Thu gọn,
text_upgrade_to_pro,Bạn cần mua lại gói DiaB Pro để tiếp tục đăng ký gói Thay đổi lối sống.,
upgrade_to_pro,Nâng cấp tài khoản lên gói ,
upgrade_package_pro,Nâng cấp gói Đồng hành,
renewal_package_pro,Nâng cấp gói Đồng hành,
text_way_register_1,Bạn cần đảm bảo thời gian còn lại của gói Đồng hành được sử dụng bằng hoặc nhiều hơn thời gian kích hoạt gói Thay đổi lối sống.,
text_way_register_2,Vui lòng chuyển khoản theo hướng dẫn dưới đây để hoàn tất đăng ký gói Thay đổi lối sống.,
my_package,Gói dịch vụ của tôi,
text_upgrade_package,Bạn đang sử dụng gói cơ bản của DiaB. Để trải nghiệm nhiều tính năng hữu ích hãy nâng cấp gói DiaB Pro nhé!,
history_transaction,Lịch sử mua gói,
repurchase,Mua lại,
service_price,Giá dịch vụ,
next_renewal,Ngày gia hạn tiếp theo,
status_expired,Đã kết thúc,
status_actived,Đang diễn ra,
time_period,{}-{},
package_deactivate,Gói đã ngừng bán,
sample_menu,Thực đơn mẫu,
text_intro_menu,Nhằm mục đích cung cấp cho bạn một chế độ ăn hiệu quả và đầy đủ chất dinh dưỡng. Các chuyên gia từ DiaB tư vấn bạn như sau:,
step_1,Bước 1: ,
text_step_1,Nhập chỉ số KCAL và số bữa phụ bạn nạp hằng ngày,
step_2,Bước 2: ,
text_step_2,Tuỳ chỉnh món ăn phù hợp với cá nhân bạn,
show_your_param,Cho DiaB biết thông số của bạn,
or_calculate_by_formula,Hoặc tính theo công thức,
have_3_meal,"Trong một ngày, bạn ăn 3 bữa chính và",
no_sub_meal,Không bữa phụ,
breakfast_meal,Bữa phụ sáng,
lunch_meal,Bữa phụ xế,
dinner_meal,Bữa phụ tối,
breakfast_sub_meal,Phụ sáng
lunch_sub_meal,Phụ trưa,
dinner_sub_meal,Phụ tối,
text_if,Nếu đang,
increase,tăng,
text_or,hoặc,
decrease,giảm,
text_warning_change_param,"cân, hãy điều chỉnh số kcal phù hợp theo ý kiến huấn luyện viên của bạn",
confirm_change,Xác nhận thay đổi?,
diab_parameter,Cho DiaB biết thông số của bạn,
recipe,Hoặc tính theo công thức,
consumption,"Mức tiêu thụ năng lượng của bạn đã thay đổi. Xác nhận bằng cách chọn Đồng ý để cập nhật thực đơn mẫu mới.",
next,Tiếp tục,
next_lesson,Tiếp theo,
complete_lesson,Hoàn thành,
agree,Đồng ý,
text_congratulation,Chúc mừng bạn đã đăng ký thành công gói Đồng hành!,
text_please_bank,Vui lòng chuyển khoản theo hướng dẫn dưới đây để hoàn tất đăng ký gói Thấu cảm.,
text_need_2_steps_complete,Bạn cần hoàn thành lần lượt theo 2 bước sau:,
text_notice_upgrade_premium,"Sau khi nâng cấp gói Đồng hành, bạn sẽ nhận được hướng dẫn tiếp theo để mua gói Thấu cảm.",
back_home,Quay trở về Trang chủ,
not_found_sku,Không tìm thấy khoá học phù hợp. Vui lòng liên lạc với Hotline của chúng tôi,
knowledge_test,Trắc nghiệm kiến thức,
overview_of_diabetes,Tổng quan về bệnh đái tháo đường,
question_number,Câu {}:,
what_foods_should_people,Người bị bệnh tiểu đường nên ăn thực phẩm gì?,
what_should_people_with_diabetes_avoid,Người bị bệnh tiểu đường nên  kiêng gì?,
how_many_calories,Lượng calo trung bình một ngày nên nạp là bao nhiêu?,
see_the_picture,Xem ảnh sau và cho biết đây là hình thức xét nghiệm nào?,
selected_normal,Selected Normal,
unselected_normal,Unselected Normal,
congratulations_your_reply_is_correct,Chúc mừng! Bạn đã trả lời chính xác!,
regret_answer,Tiếc quá! Cùng thử lại một lần nữa nhé!
check,Kiểm tra,
see_the_answer,Xem đáp án,
previous_question,Câu trước,
next_question,Câu tiếp,
evaluation_of_lesson,Đánh giá bài học 1,
rate_how_you_feel,Đánh giá cảm nhận của bạn về chất lượng của Bài học 1 để DiaB cải thiện hơn nữa nhé!,
feeling,Cảm nghĩ,
enter_your_feeling,Nhập cảm nghĩ của bạn,
sent_report,Gửi đánh giá,
completed_quiz,Hoàn tất!,
completed,Hoàn tất,
you_have_successfully_completed,Bạn đã xuất sắc hoàn tất bài quiz và trả lời đúng {} câu!,
continue_learning,Tiếp tục học,
you_have_completed,"Bạn đã hoàn tất bài quiz và trả lời đúng {} câu!",
challenge_yourself_again,Thử thách bản thân một lần nữa?,
skip,Bỏ qua,
accept,Đồng ý,
survey,Khảo sát,
part_number,"Phần {}. Hiểu biết về bệnh đái tháo đường",
start_survey,Bắt đầu khảo sát,
thank_you_for_survey,Cảm ơn bạn đã hoàn thành khảo sát!,
thank_you_for_survey_description,Ý kiến đóng góp của bạn rất có giá trị và quan trọng đối với chúng tôi.,
survey_progress,Bạn đã hoàn thành {}% khảo sát!,
explain,Giải thích,
book_coach,Đặt lịch coach,
description_book_coach,Đặt lịch tư vấn cùng chuyên gia giúp bạn có nhiều kiến thức trong quá trình chữa trị đái tháo đường,
date_book,Ngày đặt lịch,
time_book,Thời gian đặt lịch,
submit_booking,Đặt lịch,
my_plan_booking,Kế hoạch của tôi,
join,Tham gia,
coach,Coach,
you_book_coach_success,Bạn đã đặt lịch thành công!,
booking_success,Đặt lịch thành công!,
see_booking,Xem lịch hẹn,
select_time_booking_description,"Bạn hãy chọn thời gian phù hợp để bắt đầu lịch tư vấn nhé!\nThời gian cho mỗi buổi tư vấn là 1 giờ.",
day_in_week_monday,Thứ hai,
day_in_week_tuesday,Thứ ba,
day_in_week_wednesday,Thứ tư,
day_in_week_thursday,Thứ năm,
day_in_week_friday,Thứ sáu,
day_in_week_saturday,Thứ bảy,
day_in_week_sunday,Chủ nhật,
statistical,Thống kê,
expert_comment,Nhận xét của chuyên gia,
no_expert_comment,"Khi bạn tham gia các khoá học chuyên sâu của DiaB, bạn sẽ nhận được các nhận xét, khuyến nghị từ các chuyên gia DiaB.\nHiện tại bạn chưa có nhận xét, khuyến nghị nào từ các chuyên gia DiaB.",
comment,Nhận xét,
next_action,Hành động tiếp theo,
progress,Tiến độ,
q_and_a,Hỏi đáp,
ask_doctor,Đặt câu hỏi cho bác sỹ,
replied,Đã trả lời,
view_by_topic,Xem theo chủ đề,
question_doctor,Hỏi đáp chuyên gia,
ask_question,Đặt câu hỏi,
select_topic,Chọn chủ đề,
topic,Chủ đề,
your_question,Câu hỏi của bạn,
send_question,Gửi câu hỏi,
response_as_soon_as_possible,Chuyên gia của DiaB sẽ trả lời bạn trong thời gian sớm nhất.,
send_question_success,Gửi câu hỏi thành công!,
qa_title,Hỏi đáp,
delete_question,Xóa câu hỏi,
confirm_delete_question,Bạn muốn xoá câu hỏi?,
confirm_delete_question_subtitle,"Câu hỏi sẽ không còn nữa, bạn chắc chắn xoá câu hỏi này chứ?",
confirm_delete_comment,Bạn muốn xoá bình luận?,
confirm_delete_comment_subtitle,"Bình luận sẽ không còn nữa, bạn chắc chắn xoá bình luận này chứ?",
delete_comment,Xóa bình luận,
question_answer_title,Hỏi đáp,
no_data,"Không có dữ liệu",
closed,Đã đóng,
waiting,Đang chờ,
question_empty,"Bạn chưa đặt câu hỏi nào, đừng ngại đưa những thắc mắc với DiaB nhé!",
mine,Của tôi,
input_comment_required,Nhập bình luận là bắt buộc,
input_topic_required,Chủ đề là bắt buộc,
input_question_required,Nội dung câu hỏi là bắt buộc,
no_result,Không có kết quả phù hợp,
add_comment,Thêm bình luận,
data_input_not_valid,Dữ liệu không hợp lệ,
food_menu_intro_title1,"Thực đơn mẫu là gợi ý các món ăn theo khung năng lượng cần nạp mỗi ngày và cơ cấu dinh dưỡng khuyến nghị dành cho bữa ăn người đái tháo đường.",
food_menu_intro_title21,"Căn cứ vào thực đơn mẫu gợi ý này, bạn có thể ",
food_menu_intro_title22,"ĐIỀU CHỈNH",
food_menu_intro_title23," các món ăn có mức năng lượng tương đương phù hợp.",
food_menu_intro_title3,"Chúc bạn ăn ngon miệng và kiếm soát đường huyết thành công!",
no_report,"Khi bạn tham gia các khoá học chuyên sâu của DiaB, bạn sẽ nhận được các báo cáo đánh giá từ các chuyên gia DiaB.\nHiện tại bạn chưa có báo cáo nào trong danh mục.",
qr_not_available,Hệ thống không xử lý,
chat_with_coach,Chat với huấn luyện viên,
chat_with_group,Chat nhóm,
today,Hôm nay,
chua_hoan_thanh,Chưa hoàn thành,
hoan_thanh,Hoàn thành,
install_zalo,"Để bắt đầu trò chuyện, bạn sẽ được chuyển hướng để tải ứng dụng Zalo",
phone_not_available,Không tìm thấy số điện thoại của huấn luyện viên,
group_not_available,Không tìm thấy nhóm,
error_redirect_zalo,Có lỗi khi chuyển hướng sang Zalo,
wrong_phone_number,"Số điện thoại không hợp lệ!",
package_experience,Gói trải nghiệm,
package_experience_subtitle,"Gói cung cấp những tính năng cơ bản, theo dõi chỉ số sinh học, hỗ trợ tốt hơn trong cuộc chiến với đái tháo đường",
package_roadmap,Gói lộ trình,
package_roadmap_subtitle,"Gói cung cấp những tính năng cơ bản, theo dõi chỉ số sinh học, hỗ trợ tốt hơn trong cuộc chiến với đái tháo đường",
update_profile_type,Cập nhật hồ sơ,
coaching_11,"Coaching 1:1",
coaching_1n,"Coaching 1:n",
input_evaluate,Đánh giá đầu vào,
output_evaluate,Đánh giá đầu ra,
other,Khác,
contact_diab_info,Liên hệ để hỗ trợ,